fTreBer1_1	Trematomus bernacchii	f	f	Fish	Nototheniidae	GRIT-33	VGP+	962133154	867139040	-9.873281427323104	3746848	8748152	133.48030130926048	1323	864	-34.69387755102041			2019-01-09	306
mLynCan4_3	Lynx canadensis	m	m	Mammal	Felinae	GRIT-34	VGP orders	2410339536	2407870951	-0.10241648378288891	123877730	147275701	18.887955890053846	89	55	-38.20224719101123	found 18 autosomes plus X and Y (plus 4 unlocalised)	99.95	2019-01-10	132
fTakRub1_1	Takifugu rubripes	f	f	Fish	Tetraodontidae	GRIT-35	VGP orders	400677262	384673481	-3.9941824799631385	17695072	16705553	-5.592059755394044	171	128	-25.146198830409354	found 22 chromosomes	96.34	2019-01-10	183
rGopEvg1_1	Gopherus evgoodei 	r	r	Reptile	Testudinidae	GRIT-36	VGP orders	2308542499	2298547364	-0.4329630060667989	130294249	147425149	13.1478558197914	388	382	-1.5463917525773196	found 24 chromosomes	94.72	2019-01-10	14
fDanTra1_1	Danionella translucida 	f	f	Fish	Danioninae	GRIT-37	VGP+	682964314	657501202	-3.7283224727902837	5222078	6531461	25.073983958110162	15065	11408	-24.274809160305345			2019-01-11	37
fMasArm1_1	Mastacembelus armatus	f	f	Fish	Mastacembelidae	GRIT-41	VGP orders	593065986	591935101	-0.19068451516287094	24807201	25090313	1.1412492687103233	125	122	-2.4	found 24 chromosomes	96.77	2019-01-15	17
bAquChr1	Aquila chrysaetos 	b	b	Bird	Accipitrinae	GRIT-42	25 Genomes	1230602654	1234360315	0.30535128359962077	44972438	45241448	0.5981663702554885	257	151	-41.245136186770424			2019-01-15	0
fSpaAur1_1	Sparus aurata	f	f	Fish	Sparidae	GRIT-43	VGP orders	835332294	833578411	-0.20996231231543888	28427198	35791275	25.905039955045865	316	175	-44.620253164556964	found 24 chromosomes	98.19	2019-01-15	291
fSclFor1_1	Scleropages formosus	f	f	Fish	Osteoglossidae	GRIT-44	VGP+	785521263	784546363	-0.124108671008693	22561231	31084684	37.77920185294854	123	71	-42.27642276422765	found 25 chromosomes	99.16	2019-01-15	83
bAquChr1_2	Aquila chrysaetos	b	b	Bird	Accipitrinae	GRIT-45	25 Genomes	1230602654	1233704830	0.2520859182219836	44972438	46934974	4.363863929280418	257	144	-43.96887159533074	found 26 autosomes and W and Z and MT (plus 9 unlocalised)	99.29	2019-01-15	34
fDreABH1_2	Danio rerio	f	f	Fish	Danioninae	GRIT-47	VGP+	1354749370	1354075779	-0.04972070959516298	8175751	52957805	547.7423908825011	1698	1252	-26.266195524146053	found 25 chromosomes	95.69	2019-01-15	253
fSalTru1_1	Salmo trutta	f	f	Fish	Salmoninae	GRIT-48	25 Genomes	2384582952	2371866448	-0.5332800014079778	52209666	52209666	0	1513	1440	-4.824851288830139	found 40 chromosomes (no unlocalised)	91.45	2019-01-16	225
fDenClu1_1	Denticeps clupeoides	f	f	Fish	Denticipitidae	GRIT-49	VGP orders	574146040	567401054	-1.1747857740166596	22537163	22793177	1.135963741310297	492	460	-6.504065040650407	found 20 chromosomes	91.19	2019-01-22	147
iHelSar1_2	Heliconius sara	i	i	Insects	Heliconiini	GRIT-51	Other	348926918	348886262	-0.011651723585280972	8212732	8511779	3.6412609104984797	517	510	-1.3539651837524178			2019-01-23	9
fHarAnt1_1	Harpagifer antarcticus	f	f	Fish	Harpagiferidae	GRIT-52	VGP+	1051548704	941524281	-10.463083885841582	2077842	4997231	140.50101018267992	2245	1541	-31.35857461024499			2019-01-24	255
mRhiFer1_1	Rhinolophus ferrumequinum	m	m	Mammal	Rhinolophinae	GRIT-53	VGP orders	2082420740	2075768562	-0.31944447499115863	143790426	88025743	-38.78191653733608	126	134	6.349206349206349	found 28 chromosomes (plus 4 unlocalised)	99.27	2019-01-25	60
mPhyDis1_1	Phyllostomus discolor	m	m	Mammal	Phyllostominae	GRIT-55	VGP orders	2128614893	2117764065	-0.5097600338926127	222957895	110241909	-50.5548305432288	286	141	-50.6993006993007	found 16 chromosomes (plus  8 unlocalised)	97.76	2019-01-25	195
aRhiBiv1_3	Rhinatrema bivittatum	a	a	Amphibia	Rhinatrematidae	GRIT-56	VGP orders	5324608293	5319222779	-0.10114385328738773	218982076	486875112	122.33559974104912	1418	1329	-6.276445698166431	found 19 chromosomes	97.35	2019-01-30	264
mOrnAna1_1	Ornithorhynchus anatinus	m	m	Mammal	Ornithorhynchidae	GRIT-57	VGP orders	1894175706	1859264908	-1.8430601706809138	55156206	83338043	51.09458942843168	715	321	-55.1048951048951	found 21 autosomes plus 5X and 5Y (plus 15 unlocalised)	98.23	2019-01-31	530
fGymAcu1_1	Gymnodraco acuticeps	f	f	Fish	Bathydraconidae	GRIT-58	VGP+	1198053175	996888495	-16.79096422410466	963076	1921211	99.48695637727448	4641	2618	-43.58974358974359			2019-01-31	1899
bCalAnn1_1	Calypte anna	b	b	Bird	Trochilidae	GRIT-59	VGP orders	1062302588	1059687259	-0.24619435455992697	74541272	74081004	-0.6174673273619479	236	159	-32.6271186440678	found 31 chromosomes	99.09	2019-01-31	112
bStrHab1_1	Strigops habroptilus	b	b	Bird	Psittacidae	GRIT-60	VGP orders	1180086439	1165621973	-1.2257124158004158	88151028	83147210	-5.676414800290247	229	99	-56.76855895196506	found 26 chromosomes	99.21	2019-01-31	117
bTaeGut1_3	Taeniopygia guttata	b	b	Bird	Estrildinae	GRIT-61	VGP orders	1095985693	1057995280	-3.4663238072032025	76576725	70430603	-8.026096702359627	398	134	-66.33165829145729	found 32 chromosomes	97.46	2019-01-31	429
bTaeGut2_1	Taeniopygia guttata	b	b	Bird	Estrildinae	GRIT-62	VGP orders	1122523039	1106280703	-1.4469490100149296	71643432	71643432	0	553	540	-2.3508137432188065	found 30 chromosomes	96.07	2019-01-31	165
fAnaTes1	Anabas testudineus	f	f	Fish	Anabantidae	GRIT-64	VGP orders	573660964	569705464	-0.6895187660006094	16084614	26090302	62.20657828655385	298	68	-77.18120805369128			2019-01-31	291
fAnaTes1_1	Anabas testudineus	f	f	Fish	Anabantidae	GRIT-65	VGP orders	569705464	555641398	-2.4686556279895537	26090302	25063394	-3.9359759039968183	68	50	-26.47058823529412	found 23 chromosomes	99.74	2019-01-31	51
fGouWil2_2	Gouania willdenowi	f	f	Fish	Gobiesocinae	GRIT-67	VGP orders	1004917169	937150793	-6.743478775214358	42151640	38978045	-7.528995313112373	1192	441	-63.00335570469798	found 23 chromosomes	93.54	2019-01-31	807
fArcCen1_2	Archocentrus centrarchus	f	f	Fish	Heroini	GRIT-68	VGP orders	979016452	932930362	-4.7073866742333355	32770190	35590001	8.604805159811402	206	188	-8.737864077669903	found 23 chromosomes	88.78	2019-01-31	304
fAstCal1	Astatotilapia calliptera	f	f	Fish	Haplochromini	GRIT-69	VGP orders	883138742	883159802	0.002384676268680782	11271925	12523454	11.10306358496885	351	337	-3.9886039886039883			2019-01-31	117
fAstCal1_1	Astatotilapia calliptera	f	f	Fish	Haplochromini	GRIT-70	VGP orders	883159802	880428986	-0.3092097255576856	12523454	38669361	208.77552630448437	337	135	-59.940652818991104	found 22 chromosomes	99.87	2019-01-31	63
fMasArm1	Mastacembelus armatus	f	f	Fish	Mastacembelidae	GRIT-73	VGP orders	578546723	591935101	2.314139458015736	12751762	25090313	96.7595772254846	195	122	-37.43589743589744			2019-02-01	292
fSimDia1	Simochromis diagramma	f	f	Fish	Tropheini	GRIT-74	VGP+	868676296	848827444	-2.2849537959534696	6183122	8960300	44.91546503530094	1592	823	-48.30402010050251			2019-02-01	326
fBetSpl5_1	Betta splendens	f	f	Fish	Osphronemidae	GRIT-75	VGP+	453471296	441371523	-2.6682555448889977	10914060	20129463	84.43606687154002	208	69	-66.82692307692307	found 21 chromosomes	98.62	2019-02-01	315
fCotGob3_4	Cottoperca gobio	f	f	Fish	Bovichtidae	GRIT-76	VGP orders	614954493	609391784	-0.9045724624049539	14971717	25156145	68.02444903279965	532	322	-39.473684210526315	found 24 chromosomes	94.36	2019-02-01	269
fDanAlb1_1	Danio albolineatus	f	f	Fish	Danioninae	GRIT-80	VGP+	1598957873	1463018096	-8.501773517331435	3880542	4632361	19.37407197242035	67381	40406	-40.03354061233879			2019-02-06	88
mMonMon	Monodon monoceros	m	m	Mammal	Monodontidae	GRIT-81	Other	2363446387	2362845517	-0.025423466481196724	95230564	107566389	12.953640597991209	8178	8161	-0.2078747860112497			2019-02-06	37
fErpCal1_1	Erpetoichthys calabaricus	f	f	Fish	Polypteridae	GRIT-82	VGP orders	3839932234	3811381294	-0.7435271838185257	122846105	199226436	62.17562290639984	1919	1886	-1.7196456487754037	found 18 chromosomes (plus 23  unlocalised)	93.29	2019-02-07	198
fEcheNa1_1	Echeneis naucrates	f	f	Fish	Echeneidae	GRIT-83	VGP orders	558189194	544212633	-2.5039110663973188	22397122	23287306	3.974546372520541	62	37	-40.32258064516129	found 24 chromosomes	99.26	2019-02-09	43
bStrTur1_1	Streptopelia turtur	b	b	Bird	Columbidae	GRIT-84	25 Genomes	1178985114	1178816852	-0.01427176628457414	68328592	81365208	19.0792984582501	407	311	-23.587223587223587	found 31 autosomes and W and Z (plus 2 unlocalised)	98.3	2019-02-08	56
fDanCho1_1	Danio choprai	f	f	Fish	Danioninae	GRIT-86	VGP+	1171313604	1102162037	-5.9037619612586685	5314025	5707536	7.405140171527232	71412	56986	-20.201086652103285			2019-02-14	74
fDanJai1_1	Danio jaintianensis	f	f	Fish	Danioninae	GRIT-88	VGP+	1179004648	1122503336	-4.79228916491939	16386319	18165534	10.857929715636562	28764	19951	-30.638993185926854			2019-02-19	14
fDanTin1_1	Danio tinwini	f	f	Fish	Danioninae	GRIT-89	VGP+	1611644173	1497358328	-7.091257916272068	12390050	13583820	9.634908656542953	47230	35277	-25.30806690662714			2019-02-20	52
fDreCBz1_1	Danio rerio	f	f	Fish	Danioninae	GRIT-90	VGP+	1556755577	1431099530	-8.071661913821428	2289109	2910440	27.142918926097447	105826	61297	-42.077561279836715	found 25 chromosomes	84.63	2019-02-21	58
aMicUni1_1	Microcaecilia unicolor	a	a	Amphibia	Siphonopidae	GRIT-91	VGP orders	4713871424	4685923413	-0.5928886998849123	220902991	376147139	70.27706926793037	1129	1080	-4.340124003542958	found 14 chromosomes (plus  unlocalised)	97.05	2019-02-26	179
fParRan2_1	Parambassis ranga	f	f	Fish	Ambassidae	GRIT-93	VGP orders	581968187	551012959	-5.319058445371688	22851788	22993012	0.6179997818989044	250	156	-37.6	found 22 chromosomes	93.22	2019-03-07	217
fDreABz2_1	Danio rerio	f	f	Fish	Danioninae	GRIT-94	VGP+	1477863015	1239474841	-16.130600169326247	1407888	51589891	3564.3462406100484	74154	36	-99.95145238287887	found 25 chromosomes	99.90	2019-03-12	392
bTaeGut2m_1	Taeniopygia guttata	b	b	Bird	Estrildinae	GRIT-95	VGP orders	1113362709	995935930	-10.54703719199203	37262199	71673800	92.34989325240842	801	205	-74.40699126092385	found 31 chromosomes (incl. W, plus 4 unlocalised)	97.65	2019-03-15	96
bTaeGut2p_1	Taeniopygia guttata	b	b	Bird	Estrildinae	GRIT-96	VGP orders	1080611331	1047573732	-3.057306364669241	62403557	71343966	14.326761854296223	579	202	-65.11226252158895	found 31 chromosomes (incl. Z, plus 1  unlocalised)	97.15	2019-03-15	145
fSphaOr1_1	Sphaeramia orbicularis	f	f	Fish	Apogoninae	GRIT-97	VGP orders	1447647346	1342662642	-7.252091076606719	46095480	57165184	24.01472769130509	1478	340	-76.99594046008119	found 23 chromosomes (plus  unlocalised)	96.5	2019-03-25	1216
fSalaFa1_1	Salarias fasciatus	f	f	Fish	Salariinae	GRIT-98	VGP orders	809659373	797490645	-1.5029441275917892	30386372	32729575	7.711361527463693	244	202	-17.21311475409836	found 22 chromosomes (plus 2 unlocalised)	95.53	2019-04-05	92
fSynAcu1_1	Syngnathus acus	f	f	Fish	Syngnathidae	GRIT-99	Darwin	327381437	324331233	-0.9316972971805974	14386492	14974571	4.087716449569499	126	87	-30.952380952380953	found 22 chromosomes (plus  unlocalised)	98.17	2019-04-05	47
fDreNAz1_1	Danio rerio	f	f	Fish	Danioninae	GRIT-102	VGP+	1572364954	1472219675	-6.369086180993576	4376423	5338003	21.97182493556953	82228	48933	-40.4910736002335	found 25 chromosomes	87.41	2019-04-11	36
iArcPla1_1	Arctia plantaginis	i	i	Insects	Arctiinae	GRIT-103	Other	584621344	584621344	0.0	6730127	6730127	0	1068	1069	0.09363295880149813			2019-04-24	33
iArcPla1_2	Arctia plantaginis	i	i	Insects	Arctiinae	GRIT-104	Other	577993050	577993050	0.0	9770308	9770308	0	1049	1050	0.09532888465204957			2019-04-24	1
fPseGeo1_1	Pseudochaenichthys georgianus	f	f	Fish	Channichthyidae	GRIT-113	VGP+	1068469123	1068536323	0.006289372201165611	3924551	41558768	958.9432523618626	2381	2024	-14.993700125997481	found 24 chromosomes	87.94	2019-04-29	605
mBalMus1_1	Balaenoptera musculus	m	m	Mammal	Balaenopteridae	GRIT-114	VGP orders	2399140673	2379995981	-0.7979812195030883	89459897	110470125	23.485638486706506	166	129	-22.289156626506024	found 23 chromosomes	99.79	2019-04-30	122
fGadMor1_1	Gadus morhua	f	f	Fish	Gadidae	GRIT-115	Darwin	681845854	669949713	-1.7446965366456564	23355006	28732775	23.026194041654282	390	226	-42.05128205128205	found 23 chromosomes	97.52	2019-05-03	540
bAlcTor1_1	Alca torda	b	b	Bird	Alcidae	GRIT-116	VGP orders	1178472142	1178473458	0.00011167001349447258	74336996	84526827	13.70761740224208	117	94	-19.65811965811966	found 26 chromosomes (incl. chrZ)	99.44	2019-05-09	44
fMyrMur1_1	Myripristis murdjan	f	f	Fish	Holocentridae	GRIT-117	VGP orders	845331052	835254674	-1.1920037689565437	34729094	34950760	0.6382717614228577	131	87	-33.587786259541986	found 24 chromosomes (plus  unlocalised)	99.55	2019-05-09	112
fThaAma1_1	Thalassophryne amazonica	f	f	Fish	Batrachoididae	GRIT-119	VGP orders	2447586300	2446592878	-0.040587823195447695	56243603	118421481	110.55102213135244	647	464	-28.284389489953632	found 23 chromosomes	97.94	2019-06-03	343
aGeoSer1_1	Geotrypetes seraphini	a	a	Amphibia	Gymnophiona	GRIT-120	VGP orders	3828439910	3779413726	-1.280578646982081	147260358	272612222	85.12261256352507	253	163	-35.573122529644266	found 19 chromosomes	99.84	2019-06-05	256
mPhoSin1_1	Phocoena sinus	m	m	Mammal	Phocoenidae	GRIT-121	VGP orders	2371523054	2371524154	4.6383694147297123e-05	102828027	115469292	12.293598709231288	72	64	-11.11111111111111	found 21 chromosomes (plus X)	99.91	2019-06-05	16
fDanKya3_3	Danio kyathit	f	f	Fish	Danioninae	GRIT-122	VGP+	1775041102	1708446541	-3.751719378495834	39189515	64228523	63.89210991766547	891	739	-17.059483726150393	found 25 chromosomes (plus 13 unlocalised)	95.66	2019-06-05	808
fDanAes4_3	Danio aesculapii	f	f	Fish	Danioninae	GRIT-123	VGP+	1389057090	1381485597	-0.5450814840158946	32006573	55996547	74.95327287929264	529	342	-35.34971644612476		99.03	2019-06-05	604
fChaCha1_2	Chanos chanos	f	f	Fish	Chanidae	GRIT-128	VGP+	661829765	656912816	-0.7429325878082863	48639252	50300218	3.4148674819259144	59	30	-49.152542372881356	found 16 chromosomes	99.87	2019-06-12	65
eAstRub1_1	Asterias rubens	e	e	Echinoderms	Asteriidae	GRIT-129	25 Genomes	417815978	417601740	-0.051275683860993945	4586035	20558067	348.27540566088135	303	150	-50.495049504950494	found 22 chromosomes	96.64	2019-06-17	370
mSarHar1_1	Sarcophilus harrisii	m	m	Mammal	Dasyuridae	GRIT-130	VGP orders	3112789529	3086513386	-0.8441349071371796	617992887	611347738	-1.0752792046294215	148	103	-30.405405405405407	found 6 autosomes	99.83	2019-06-21	220
mLutLut1_1	Lutra lutra	m	m	Mammal	Lutrinae	GRIT-133	25 Genomes	2440856051	2438442342	-0.09888780614535306	149004807	149004807	0	68	43	-36.76470588235294	found 18 autosomes plus X and Y sex chromosomes	99.65	2019-06-28	46
fNeoBic2_1	Neostethus bicornis	f	f	Fish	Phallostethidae	GRIT-134	VGP+	870839426	778440790	-10.610295450725264	21746018	29119677	33.90808836817848	178	107	-39.8876404494382	found 24 chromosomes (plus 11 unlocalised)	95.61	2019-06-28	70
mBosTau1_1	Bos taurus	m	m	Mammal	Bovinae	GRIT-135	VGP orders	2580764822	2580284709	-0.01860351613239713	102763607	102763607	0	1434	1427	-0.4881450488145049	found 29 autosomes and Y (plus one unlocalised)	96.63	2019-07-01	84
bTauEry1_1	Tauraco erythrolophus	b	b	Bird	Musophagidae	GRIT-136	VGP orders	1254690445	1252271553	-0.19278795097542964	65626855	85562082	30.37663011582682	149	140	-6.0402684563758395	found 31 autosomes and Z and W sex chromosomes (plus 2 unlocalised)	98.58	2019-07-03	10
rThaEle1_1	Thamnophis elegans	r	r	Reptile	Natricinae	GRIT-137	VGP orders	1763857560	1672190305	-5.196976052873566	89889061	100851885	12.19594895979612	419	365	-12.887828162291171	found 18 autosomes	98.37	2019-07-05	427
bCatUst1_1	Catharus ustulatus	b	b	Bird	Turdidae	GRIT-138	VGP orders	1159491937	1131616530	-2.4041052904708553	66361102	68462074	3.165969124503086	192	160	-16.666666666666664	found 39 autosomes and W and Z (plus 2 unlocalised)	99.09	2019-07-08	230
bMerNub1_1	Merops nubicus	b	b	Bird	Meropidae	GRIT-139	VGP orders	1152216671	1149337515	-0.2498797381139437	49096121	49132790	0.07468818157752218	136	108	-20.588235294117645	found 34 autosomes and Z and W sex chromosomes	99.5	2019-07-08	77
bBucAby1_1	Bucorvus abyssinicus	b	b	Bird	Bucorvidae	GRIT-140	VGP orders	1132593461	1132597561	0.0003620010304827285	34460115	40274051	16.87149331916043	133	112	-15.789473684210526	found 39 autosomes, plus sex chromosomes	99.44	2019-07-09	32
fAciRut3_2	Acipenser ruthenus	f	f	Fish	Acipenseridae	GRIT-141	VGP orders	1664228833	1663879616	-0.02098371288102782	54599910	42536799	-22.0936463082082	238	224	-5.88235294117647			2019-07-09	243
mBosTau1_2	Bos taurus	m	m	Mammal	Bovinae	GRIT-142	VGP orders	2680953056	2680830071	-0.004587361189512749	104466507	104466507	0	1249	1252	0.24019215372297836	found 29 autosomes and X (plus 2 unlocalised)	97.88	2019-07-10	24
fAciRut3_1	Acipenser ruthenus	f	f	Fish	Acipenseridae	GRIT-143	VGP orders	1639717472	1638742712	-0.059446826459137715	51889178	43124428	-16.89128704255057	253	245	-3.1620553359683794			2019-07-10	224
bSylAtr1_1	Sylvia atricapilla	b	b	Bird	Sylviinae	GRIT-146	VGP orders	1071827545	1066786587	-0.4703142798965854	69703948	72978054	4.69716005182375	218	189	-13.302752293577983	found 33 autosomes and Z and W chromosomes (plus 1 unlocalised)	99.14	2019-07-10	108
bSteHir1_1	Sterna hirundo	b	b	Bird	Laridae	GRIT-147	VGP orders	1230842494	1229953488	-0.0722274380624366	85487239	85487239	0	146	122	-16.43835616438356	found 25 autosomes plus two sex chromosomes	99.25	2019-07-10	57
bPhoRub1_1	Phoenicopterus ruber	b	b	Bird	Phoenicopteridae	GRIT-148	VGP orders	1246514659	1246226932	-0.02308252036368551	72929201	85472901	17.199831930148253	112	90	-19.642857142857142	found 31 autosomes, plus Z and W sex chromosomes	99.23	2019-07-12	49
bCarCri1_1	Cariama cristata	b	b	Bird	Cariamidae	GRIT-150	VGP orders	1216587202	1215224075	-0.11204515366914077	25457758	30176635	18.53610596816892	144	109	-24.305555555555554	found 50 autosomes and Z and W chromosomes (plus 5 unlocalised)	99.62	2019-07-17	84
rLacAgi1_1	Lacerta agilis	r	r	Reptile	Lacertidae	GRIT-151	VGP orders	1465211235	1391387079	-5.038465051081867	74258498	86565987	16.57384586475207	126	28	-77.77777777777779	found 18 autosomes	99.98	2019-07-17	620
bGeoTri1_1	Geothlypis trichas	b	b	Bird	Parulidae	GRIT-152	VGP orders	1096455660	1078128490	-1.6714921239952374	68239211	72541719	6.305037729700596	512	278	-45.703125	found 32 autosomes and Z and W (plus 2 unlocalised)	98.67	2019-07-18	578
bCorMon1_1	Corvus moneduloides	b	b	Bird	Corvidae	GRIT-154	VGP orders	1139574542	1112734206	-2.35529445514763	42064736	74699841	77.58304961191246	196	106	-45.91836734693878	found 34 autosomes	99.48	2019-08-07	306
fNotCel1_2	Notolabrus celidotus	f	f	Fish	Labridae	GRIT-155	VGP orders	919219861	846744262	-7.884468349188552	33292050	37090664	11.409973251872444	650	468	-28.000000000000004	found 24 chromosomes	97.61	2019-08-07	755
sPriPec2_1	Pristis pectinata	s	s	Shark	Pristidae	GRIT-156	VGP orders	2276443674	2267840987	-0.3779002792054147	101699621	101699621	0	248	172	-30.64516129032258	found 45 autosomes	99.61	2019-08-09	186
bCygOlo1_1	Cygnus olor	b	b	Bird	Anserinae	GRIT-157	VGP orders	1137625364	1134992545	-0.2314311093366234	66071161	81035313	22.648537990727906	252	180	-28.57142857142857	found 29 autosomes plus Z and W (plus 6 unlocalised)	99	2019-08-09	154
sScyCan1_1	Scyliorhinus canicula	s	s	Shark	Scyliorhinidae	GRIT-158	25 Genomes	4225956921	4220389930	-0.13173326430129978	198374217	198790641	0.20991840890290697	717	645	-10.0418410041841	found 30 autosomes	97.26	2019-08-09	316
xPecMax1_1	Pecten maximus	x	x	Molluscs	Pectinidae	GRIT-159	25 Genomes	918764948	918306378	-0.04991156889455038	44824366	44824366	0	3982	3983	0.025113008538422906	found 19 chromosomes	91.94	2019-08-09	16
bChiLan1_1	Chiroxiphia lanceolata	b	b	Bird	Pipridae	GRIT-160	VGP orders	1089840824	1089631598	-0.01919784939162822	74525296	75608808	1.4538848661533663	120	93	-22.5	found 33 autosomes and Z and W (plus 16 unlocalised)	99.7	2019-08-12	40
mSciCar1_1	Sciurus carolinensis	m	m	Mammal	Sciurini	GRIT-161	25 Genomes	2815800006	2815397268	-0.01430279136095719	43307646	148229995	242.27211287355587	925	752	-18.7027027027027	found 19 autosomes and X and Y (plus 13 unlocalised)	92.29	2019-08-12	275
rDerCor1_1	Dermochelys coriacea	r	r	Reptile	Dermochelyidae	GRIT-162	VGP orders	2166175083	2165386973	-0.036382562341568586	86716789	137794460	58.90170933335642	96	52	-45.83333333333333	found 28 chromosomes	99.96	2019-08-14	93
bAytFul2_1	Aythya fuligula	b	b	Bird	Aythyinae	GRIT-163	VGP orders	1136615867	1126988109	-0.8470546892338957	72361183	85905639	18.717847661501054	123	104	-15.447154471544716	found 34 autosomes plus Z and W chromosomes	99.56	2019-08-19	90
kPetMar1_1	Petromyzon marinus	k	k	Other Chordates	Petromyzontidae	GRIT-164	VGP orders	1123373198	1089034213	-3.056774459381396	11243752	12997950	15.601535857425528	1649	1433	-13.098847786537297	found 85 chromosomes (plus 153 unlocalised)	92.3	2019-08-19	440
iHerIll2_1	Hermetia illucens	i	i	Insects	Hermetiinae	GRIT-165	Other	1101728492	1004932590	-8.785821797554092	89076680	180357958	102.47494405943284	75	20	-73.33333333333333	found 7 chromosomes	99.74	2019-08-19	155
mTriVul1_1	Trichosurus vulpecula	m	m	Mammal	Phalangeridae	GRIT-166	VGP orders	3392820618	3359330621	-0.9870842219693208	448876502	442560073	-1.4071641023436776	237	212	-10.548523206751055	found 9 chromosomes plus X (plus 9 unlocalised)	99.74	2019-08-28	1384
bPteGut1_1	Pterocles gutturalis	b	b	Bird	Pteroclidae	GRIT-167	VGP orders	1128838858	1127398289	-0.12761511439748824	19185287	43262132	125.49640252970934	182	88	-51.64835164835166	found 35 autosomes and Z (plus 4 unlocalised)	99.62	2019-08-28	135
fPerMag1_1	Periophthalmus magnuspinnatus	f	f	Fish	Oxudercinae	GRIT-168	VGP orders	765656667	752605361	-1.7045898720032957	31616471	32865169	3.949517325953298	277	123	-55.5956678700361	found 25 chromosomes	99.53	2019-08-28	416
fHipHip1_1	Hippoglossus hippoglossus	f	f	Fish	Pleuronectidae	GRIT-169	VGP orders	607363146	596775069	-1.7432860504842025	24885856	26312018	5.730813519133117	105	56	-46.666666666666664	found 24 chromosomes	99.82	2019-08-29	394
fCycLum1_1	Cyclopterus lumpus	f	f	Fish	Cyclopteridae	GRIT-170	VGP orders	582243461	572885595	-1.6072084320067614	23800117	23863342	0.26564995457795443	121	48	-60.33057851239669	found 25 chromosomes	99.85	2019-08-29	203
mCalJac1_1	Callithrix jacchus	m	m	Mammal	Callithrix	GRIT-173	VGP orders	2862911575	2686252330	-6.17061478750003	129995920	136971485	5.365987640227478	1093	463	-57.639524245196704	found 22 autosomes	98.94	2019-09-06	716
mArvNil1_1	Arvicanthis niloticus	m	m	Mammal	Murinae	GRIT-175	VGP orders	2517706780	2496761438	-0.8319214201742746	79926082	82689117	3.456987920413764	1739	1595	-8.280621046578492	found 30 autosomes plus X and Y (plus 29 unlocalised)	96.24	2019-09-09	360
mCalJac1_2	Callithrix jacchus	m	m	Mammal	Callithrix	GRIT-176	VGP orders	2844109024	2811151840	-1.158787645687664	127444749	146897247	15.263475468887306	765	216	-71.76470588235294	found 22 autosomes	99.45	2019-09-09	634
bMelUnd1_2	Melopsittacus undulatus	b	b	Bird	Psittaculidae	GRIT-177	VGP orders	1169393027	1171617451	0.19022039200170465	75845561	104092594	37.24282954410476	929	864	-6.996770721205597	found 30 autosomes and Z and W (plus 21 unlocalised)	96.03	2019-09-09	191
mChoDid1_3	Choloepus didactylus	m	m	Mammal	Megalonychidae	GRIT-179	VGP orders	3611652531	3214710589	-10.990590556342752	161032979	146177884	-9.224877470595635	281	146	-48.04270462633452	found 27 autosomes and X and Y and MT (plus 58 unlocalised)	99.94	2019-09-10	17714
mMusErm1_1	Mustela erminea	m	m	Mammal	Mustelinae	GRIT-181	VGP orders	2455193692	2445200799	-0.40701037285004554	130149454	130149454	0	101	93	-7.920792079207921	found 21 autosomes	99.85	2019-09-10	42
mSciVul1_1	Sciurus vulgaris	m	m	Mammal	Sciurini	GRIT-182	25 Genomes	2880624357	2878591032	-0.07058626006056505	153872958	153872958	0	647	638	-1.3910355486862442	found 19 autosomes	92.69	2019-09-13	32
mTurTru1_2	Tursiops truncatus	m	m	Mammal	Delphinidae	GRIT-184	VGP orders	2385753970	2378505825	-0.3038094074721376	93918948	108430135	15.450755474816436	984	361	-63.31300813008131	found 21 autosomes plus X and Y (plus 3 unlocalised)	98.74	2019-09-17	67
mZalCal1_1	Zalophus californianus	m	m	Mammal	Otariidae	GRIT-186	VGP orders	2413853438	2408641788	-0.2159058175594172	140931507	146931682	4.257511416520934	59	42	-28.8135593220339	found 17 autosomes	99.95	2019-09-26	51
bAcaChl1_1	Acanthisitta chloris	b	b	Bird	Acanthisittidae	GRIT-187	VGP orders	1078548086	1077368553	-0.10936304234468783	40890014	40827287	-0.1534042027963111	207	205	-0.966183574879227	found 36 autosomes and W and Z (plus 21 unlocalised)	99.04	2019-10-16	99
bBalReg1_1	Balearica regulorum	b	b	Bird	Gruidae	GRIT-188	VGP orders	1223290067	1221032548	-0.18454486477899276	71496803	82577926	15.498767126692364	142	104	-26.76056338028169	found 35 autosomes	99.54	2019-10-21	92
bStrHab1_2	Strigops habroptila	b	b	Bird	Psittacidae	GRIT-191	VGP orders	1165621973	1148597545	-1.46054453281999	83147210	83240647	0.11237538818199672	99	89	-10.1010101010101	found 23 autosomes and Z and W (plus 1 unlocalised)	99.31	2019-10-28	41
mPhyDis1_3	Phyllostomus discolor	m	m	Mammal	Phyllostominae	GRIT-192	VGP orders	2117780756	2108832841	-0.42251375524351026	110241909	171742863	55.78727233397237	141	77	-45.39007092198582	found 15 autosomes plus X and Y (plus 7 unlocalised)	99.88	2019-10-28	235
sAmbRad1_2	Amblyraja radiata	s	s	Shark	Rajidae	GRIT-193	VGP orders	3357638712	2558784953	-23.79212975311919	47206353	62052929	31.450377028702047	1313	957	-27.113480578827115	found 48 autosomes and X (plus 6 unlocalised)	95.36	2019-11-05	2796
fEsoLuc1_1	Esox lucius	f	f	Fish	Esocidae	GRIT-194	VGP orders	928242455	918731919	-1.0245745547158795	37559133	37473588	-0.22776084847325948	75	52	-30.666666666666664	found 25 chromosomes	99.79	2019-11-05	81
fEleEle1_1	Electrophorus electricus	f	f	Fish	Gymnotidae	GRIT-195	VGP orders	600132399	589358956	-1.7951777004460645	19344341	25664172	32.67017987327663	127	89	-29.92125984251969	found 26 chromosomes (plus 10 unlocalised)	99.25	2019-11-05	153
fPygNat1_1	Pygocentrus nattereri	f	f	Fish	Characoidei	GRIT-196	VGP orders	1229361883	1222050449	-0.5947340731077474	23928077	42283192	76.70952830852225	140	55	-60.71428571428571	found 30 chromosomes	99.92	2019-11-11	179
fAngAng1_1	Anguilla anguilla	f	f	Fish	Anguillidae	GRIT-197	VGP orders	1003667468	979029243	-2.4548195279355216	52508644	57205429	8.944784405401899	228	53	-76.75438596491229	found 19 chromosomes	99.85	2019-11-13	482
bHirRus1_1	Hirundo rustica	b	b	Bird	Hirundinidae	GRIT-199	VGP orders	1107249439	1104070652	-0.2870886078633633	61988788	76187387	22.905108259254884	669	578	-13.602391629297458	found 37 chromosomes and Z and W (plus 17 unlocalised)	98.27	2019-11-21	182
mHomSap3_1	Homo sapiens	m	m	Mammal	Hominidae	GRIT-200	VGP orders	2853012023	2744463177	-3.8047104297113576	125064298	142230338	13.725771682658788	1918	994	-48.175182481751825	found 22 autosomes and Y (plus 10 unlocalised)	98.33	2019-11-27	1244
mHomSap3_2	Homo sapiens	m	m	Mammal	Hominidae	GRIT-201	VGP orders	2957164751	2902197670	-1.8587764168841874	104648409	150534096	43.84747693584142	1601	949	-40.72454715802623	found 22 autosomes and X (plus 12 unlocalised)	97.4	2019-11-27	1429
iBraPut3m_1	Brachyptera putata	i	i	Insects	Brachypterainae	GRIT-202	25 Genomes	516062961	436496517	-15.417972226842297	33387912	33200100	-0.5625149605042687	2200	14	-99.36363636363636	found 14 chromosomes	100	2019-11-27	902
bGalGal1_1	Gallus gallus	b	b	Bird	Phasianinae	GRIT-203	VGP orders	1043210072	1053315467	0.9686826528262277	74159741	90861225	22.52095783344227	599	213	-64.44073455759599	found 39 autosomes plus Z and W (plus 62 unlocalised)	99.37	2019-12-05	368
iAphHyp1_1	Aphantopus hyperantus	i	i	Insects	Maniola	GRIT-204	25 Genomes	411065970	408137179	-0.7124868546038973	14228477	15230192	7.0402123853452485	214	87	-59.345794392523366	found 28 autosomes	99.24	2020-01-06	414
bEriRub2_1	Erithacus rubecula	b	b	Bird	Turdidae	GRIT-205	25 Genomes	1091500619	1086738418	-0.43629851574092415	28530475	60684490	112.70059471494953	1232	1119	-9.172077922077921	found 31 autosomes and W and Z (plus 15 unlocalised)	91.69	2020-01-06	130
bNycGra1_1	Nyctibius grandis	b	b	Bird	Nyctibiidae	GRIT-208	VGP orders	1262676326	1256393467	-0.49758270355026835	91985170	92359233	0.4066557685331233	223	190	-14.798206278026907	found 36 autosomes plus Z and W (plus 7 unlocalised)	99.42	2020-01-07	81
fAntMac1_1	Antennarius maculatus	f	f	Fish	Antennariidae	GRIT-209	VGP orders	551528617	549930323	-0.2897934850042423	20143871	22928215	13.822288675299795	216	154	-28.703703703703702	found 24 chromosomes (plus 1 unlocalised)	97.53	2020-01-10	88
qDolPla1_1	Dolomedes plantarius	q	q	Other Arthropods	Pisauridae	GRIT-210	25 Genomes	2788451004	2780156309	-0.2974660479277333	216720617	216720617	0	453	437	-3.532008830022075	found 14 chromosomes	99	2020-01-10	72
fXenCan1_1	Xenentodon cancila	f	f	Fish	Belonidae	GRIT-211	VGP orders	879272936	736198484	-16.27190444992839	27361247	28679447	4.817762874623368	739	409	-44.65493910690122	found 24 chromosomes (plus 95 unlocalised)	97.34	2020-01-17	1037
fTraTra1_1	Trachurus trachurus	f	f	Fish	Carangidae	GRIT-213	Darwin	833230828	820146742	-1.570283474917229	29696050	35447499	19.367723990227656	280	218	-22.142857142857142	found 24 chromosomes	96.41	2020-01-21	184
pEimTen1_2	Eimeria tenella	p	p	Protists	Eimeriidae	GRIT-216	Darwin	54211856	53209173	-1.8495640510813722	4010979	4007228	-0.09351831560324798	68	15	-77.94117647058823	found 15 chromosomes	100	2020-02-06	200
mZalCal1_2	Zalophus californianus	m	m	Mammal	Otariidae	GRIT-217	VGP orders	2413861235	2409668595	-0.1736901831475826	140929521	147124152	4.395552440712546	59	46	-22.033898305084744	found 17 autosomes	99.93	2020-02-14	47
bPogPus1_1	Pogoniulus pusillus	b	b	Bird	Lybiidae	GRIT-218	VGP orders	1275995969	1272338968	-0.2865997298460118	34650570	33994490	-1.8934176263189897	282	252	-10.638297872340425	found 44 autosomes plus Z and W (plus 3 unlocalised)	97.79	2020-03-01	101
aRanTem1_1	Rana temporaria	a	a	Amphibia	Rana	GRIT-220	Darwin	4198903752	4111422596	-2.0834284653067225	161605217	481763206	198.11117174515473	961	554	-42.35171696149844	found 13 chromosomes and MT (plus 100 unlocalised)	99.48	2020-03-02	996
mRatNor1_1	Rattus norvegicus	m	m	Mammal	Murinae	GRIT-221	Darwin	2671248425	2648107962	-0.8662789571883416	134955271	135012528	0.04242664964156902	218	175	-19.724770642201836	found 20 autosomes plus X and Y (plus 12 unlocalised)	99.65	2020-03-03	268
bFalNau1_1	Falco naumanni	b	b	Bird	Falconidae	GRIT-222	VGP orders	1197470248	1215702009	1.5225230881894947	72798659	91761059	26.047732555073576	491	290	-40.936863543788185	found 22 autosomes and W and Z (plus 32 unlocalised)	98.92	2020-03-03	100
bSylBor1_2	Sylvia borin	b	b	Bird	Sylviinae	GRIT-223	VGP orders	1046420549	1045652180	-0.07342831720327771	56355546	72750092	29.091273465791634	219	176	-19.63470319634703	found 36 autosomes and Z (plus 52 unlocalised)	99.63	2020-03-04	75
fAnaAna1_1	Anableps anableps	f	f	Fish	Anablepinae	GRIT-224	VGP orders	867915425	867616482	-0.034443793875422825	39339342	39321252	-0.04598450070669713	41	32	-21.951219512195124	found 24 chromosomes	99.96	2020-03-05	49
fMegCyp1_1	Megalops cyprinoides	f	f	Fish	Megalopidae	GRIT-225	VGP orders	960745444	959241634	-0.1565253324271814	38306334	38251172	-0.1440022947640983	218	206	-5.5045871559633035	found 25 chromosomes	98.92	2020-03-05	46
bGalGal1_2	Gallus gallus	b	b	Bird	Phasianinae	GRIT-226	VGP orders	1055563518	953182234	-9.699206372155048	85713076	90563926	5.659404873067442	483	255	-47.20496894409938	found 39 chromosomes (plus 84 unlocalised)	99.25	2020-03-11	128
bFalRus1_1	Falco rusticolus	b	b	Bird	Falconidae	GRIT-228	VGP orders	1199667848	1195829278	-0.3199693987297724	84945973	91094845	7.238567977789836	261	132	-49.42528735632184	found 22 autosomes	99.61	2020-04-06	233
mArvAmp1_2	Arvicola amphibius	m	m	Mammal	Arvicolinae	GRIT-230	25 Genomes	2311750840	2297766297	-0.6049329693333214	103416071	158924400	53.67476105333764	248	215	-13.306451612903224	found 17 autosomes	99.42	2020-04-09	517
mPipPip1_1	Pipistrellus pipistrellus	m	m	Mammal	Vespertilionidae	GRIT-231	25 Genomes	1765921588	1763422308	-0.14152836779296454	41971163	94929986	126.1790696626634	499	322	-35.47094188376754	found 21 autosomes	98.76	2020-04-14	427
ilVanAtal1_1	Vanessa atalanta	i	il	Lepidoptera	Nymphalinae	GRIT-233	Darwin	371416545	370420876	-0.268073410676953	12577782	12792537	1.707415504577834	210	141	-32.857142857142854	found 30 autosomes and W and Z and MT (plus 1 unlocalised)	99.44	2020-04-16	75
bCicMag1_1	Ciconia maguari	b	b	Bird	Ciconiidae	GRIT-234	VGP orders	1240029970	1239415939	-0.04951743222786785	67389208	85554746	26.95615297927229	168	152	-9.523809523809524	found 29 autosomes and W and Z (plus 1 unlocalised)	99.54	2020-04-16	62
ilBlaLact1_1	Blastobasis lacticolella	i	il	Lepidoptera	Blastobasidae	GRIT-238	Darwin	599335494	577068156	-3.7153377737377924	18579776	20548006	10.593400049602321	89	44	-50.56179775280899	found 29 autosomes	99.91	2020-04-20	119
ilAglIoxx1_1	Aglais io	i	il	Lepidoptera	UNKNOWN	GRIT-239	Darwin	384227083	384156914	-0.018262377407685236	12944774	13340570	3.0575736586826467	49	41	-16.3265306122449	found 30 autosomes	99.91	2020-04-20	16
mTacAcu1_1	Tachyglossus aculeatus	m	m	Mammal	Tachyglossidae	GRIT-240	VGP orders	2230985948	2213004314	-0.8059949465894171	50621482	66300460	30.972973094703153	374	309	-17.379679144385026	found 27 autosomes and X1,X2,X3,X4,X5,Y1,Y2 and Y3 (plus 5 unlocalised)	94.65	2020-04-20	196
bPluApr1_1	Pluvialis apricaria	b	b	Bird	Charadriidae	GRIT-241	VGP orders	1250257131	1247746888	-0.20077813897307817	81092578	87527607	7.935410562480823	141	106	-24.822695035460992	found 36 autosomes and W and Z (plus 1 unlocalised)	99.84	2020-04-20	138
ilPhaBuce1_1	Phalera bucephala	i	il	Lepidoptera	Phalerinae	GRIT-242	Darwin	935153854	933134469	-0.21594147223607552	24334642	34116407	40.19687242573776	212	117	-44.81132075471698	found 29 autosomes and W and Z and MT (plus 6 unlocalised)	99.27	2020-04-23	159
ilThyBati1_1	Thyatira batis	i	il	Lepidoptera	Thyatirinae	GRIT-243	Darwin	323081895	314783516	-2.5685063534742483	10167478	11052377	8.703230043871253	83	51	-38.55421686746988	found 30 autosomes	99.68	2020-04-27	42
ilPieRapa1_1	Pieris rapae	i	il	Lepidoptera	Pierinae	GRIT-244	Darwin	256366068	256355036	-0.004303221594832901	10651053	10651053	0	43	39	-9.30232558139535	found 24 autosomes	99.84	2020-04-30	6
ilNotDrom1_1	Notodonta dromedarius	i	il	Lepidoptera	Notodontinae	GRIT-245	Darwin	344854458	341975702	-0.8347741875501578	11699458	12059830	3.0802452558058673	203	145	-28.57142857142857	found 30 autosomes	99.35	2020-04-30	62
ilPieBrab1_1	Pieris brassicae	i	il	Lepidoptera	Pierinae	GRIT-246	Darwin	292330547	292325833	-0.0016125581292741192	21291184	21549451	1.2130231930737154	426	401	-5.868544600938967	found 14 autosomes and W and Z and MT (plus 8 unlocalised)	95.46	2020-05-04	25
ilEryTage1_1	Erynnis tages	i	il	Lepidoptera	Pyrginae	GRIT-247	Darwin	332264894	329343411	-0.8792632182200989	11728897	11903105	1.4852888553800072	73	40	-45.20547945205479	found 30 autosomes	99.93	2020-05-07	62
bDryPub1_1	Dryobates pubescens	b	b	Bird	Picidae	GRIT-248	VGP orders	1195386773	1187939694	-0.6229848922713486	38715865	38715865	0	178	180	1.1235955056179776	found 44 autosomes and W and Z (plus 7 unlocalised)	99.31	2020-05-11	52
rCheMyd1_1	Chelonia mydas	r	r	Reptile	Cheloniidae	GRIT-249	VGP orders	2160271820	2134358617	-1.1995343715588531	129896487	134428053	3.4885978094234376	129	92	-28.68217054263566	found 28 chromosomes (plus 2 unlocalised)	99.8	2020-05-15	203
idSyrPipi1_1	Syritta pipiens	i	id	Diptera	Xylotini	GRIT-250	Darwin	321556402	318506762	-0.9483997149588705	28212948	86509480	206.63041664415925	20	6	-70.0	found 4 autosomes	99.98	2020-05-21	16
aBufBuf1_1	Bufo bufo	a	a	Amphibia	Bufonidae	GRIT-251	Darwin	5167041221	5044762059	-2.3665218985099328	666256134	635713434	-4.584227962995384	2588	1307	-49.49768160741886	found 11 chromosomes and MT (plus 55 unlocalised)	99.1	2020-05-29	4011
ilCelArgi3_1	Celastrina argiolus	i	il	Lepidoptera	Polyommatinae	GRIT-252	Darwin	501201509	499098782	-0.4195372444499164	20704837	20425925	-1.347086190536057	34	27	-20.588235294117645	found 25 autosomes	99.99	2020-06-05	14
iHemFuc1_1	Hemaris fuciformis	i	i	Insects	Dilophonotini	GRIT-254	25 Genomes	449332625	448837683	-0.1101504703781525	16553285	16553285	0	42	42	0.0	found 28 autosomes and W and Z (plus 2 unlocalised)	99.98	2020-06-16	17
iOsmBic2_2	Osmia bicornis	i	i	Insects	Megachilinae	GRIT-255	Darwin	223394814	222969496	-0.19038848413016426	11147451	10976010	-1.537939031981392	442	441	-0.22624434389140274	found 16 chromosomes	81.72	2020-07-13	15
dImpGla2_1	Impatiens glandulifera	d	d	Dicotyledons	Balsaminaceae	GRIT-256	25 Genomes	659239247	653879104	-0.813080080470391	61810233	61894379	0.1361360343035756	1126	1114	-1.0657193605683837	found 9 chromosomes	92.79	2020-07-13	12
fSebUmb1_1	Sebastes umbrosus	f	f	Fish	Sebastinae	GRIT-257	VGP orders	814205297	800904020	-1.6336514941636398	34166477	34912176	2.182545774327274	229	138	-39.737991266375545	found 24 chromosomes (plus 9 unlocalised)	99.06	2020-07-16	202
sCarCar2_1	Carcharodon carcharias	s	s	Shark	Alopiidae	GRIT-258	VGP orders	4297266917	4286294447	-0.25533601267803213	107869133	169918123	57.522470306681704	1240	718	-42.096774193548384	found 40 autosomes and X and Y (plus 361 unlocalised)	99.56	2020-07-30	1177
fAcaLat1_1	Acanthopagrus latus	f	f	Fish	Sparidae	GRIT-259	VGP+	733109041	685127588	-6.544927195898544	29922296	30717905	2.6589169494212612	288	65	-77.43055555555556	found 24 chromosomes	99.36	2020-08-03	729
ilEndFlam1_2	Endotricha flammealis	i	il	Lepidoptera	Pyralinae	GRIT-260	Darwin	482157309	473933762	-1.7055734397256643	15191313	16153102	6.331177561807857	113	40	-64.60176991150442	found 30 autosomes	99.92	2020-08-21	209
ilEraDefo1_1	Erannis defoliaria	i	il	Lepidoptera	Ennominae	GRIT-261	Darwin	524589744	522356532	-0.4257063782779558	17665674	19179966	8.571945797256305	63	37	-41.269841269841265	found 28 autosomes	99.93	2020-09-16	79
ilPhlMeti2_1	Phlogophora meticulosa	i	il	Lepidoptera	Hadeninae	GRIT-262	Darwin	538643170	538644470	0.00024134716123848742	17617546	18098236	2.7284730801894885	54	46	-14.814814814814813	found 30 autosomes	95.17	2020-09-17	10
ilXesXant1_1	Xestia xanthographa	i	il	Lepidoptera	Noctuini	GRIT-263	Darwin	947178824	933866812	-1.4054380928600658	30752123	31247186	1.6098498305303992	107	59	-44.85981308411215	found 30 autosomes and W and Z and MT (plus 13 unlocalised)	99.94	2020-09-21	103
idEriTena2_1	Eristalis tenax	i	id	Diptera	Eristalini	GRIT-264	Darwin	496519296	487002646	-1.916672740952247	44748464	77068984	72.22710482308399	227	156	-31.277533039647576	found 5 autosomes and X and MT (plus 2 unlocalised)	96.5	2020-09-21	82
bCygOlo1_2	Cygnus olor	b	b	Bird	Anserinae	GRIT-265	VGP orders	1137726909	1134169903	-0.3126414583202936	66080647	81481363	23.305940088631395	253	170	-32.80632411067194	found 34 autosomes and W and Z (plus 36 unlocalised)	99.67	2020-09-25	208
rDerCor1_2	Dermochelys coriacea	r	r	Reptile	Dermochelyidae	GRIT-266	VGP orders	2166457950	2164762090	-0.07827800211861947	86730914	137568771	58.615613113451104	96	40	-58.333333333333336	found 28 chromosomes (plus 12 unlocalised)	100	2020-09-25	155
ilLymMona1_1	Lymantria monacha	i	il	Lepidoptera	Lymantriinae	GRIT-268	Darwin	917514024	915653161	-0.2028157555442444	33489103	33870686	1.139424367383026	42	30	-28.57142857142857	found 27 autosomes	99.99	2020-10-02	45
ilAutGamm1_1	Autographa gamma	i	il	Lepidoptera	Plusiinae	GRIT-270	Darwin	373281157	373051863	-0.061426620578118284	11413864	12167202	6.60020129905175	122	102	-16.39344262295082	found 30 autosomes and W and Z and MT (plus 38 unlocalised)	99.65	2020-10-02	22
ilMytImpu1_1	Mythimna impura	i	il	Lepidoptera	Hadeninae	GRIT-271	Darwin	961324233	949116451	-1.2698922570487203	25381546	30601083	20.564298959566923	133	92	-30.82706766917293	found 30 autosomes and W and Z and MT (plus 12 unlocalised)	98.39	2020-10-02	56
ilAriArta1_1	Aricia artaxerxes	i	il	Lepidoptera	Polyommatinae	GRIT-272	Darwin	437519560	437367655	-0.03471959059384682	18998874	19133073	0.706352386988829	40	29	-27.500000000000004	found 22 autosomes	99.96	2020-10-02	21
ilAriAges1_1	Aricia agestis	i	il	Lepidoptera	Polyommatinae	GRIT-273	Darwin	435265505	435265205	-6.89234493783283e-05	19030843	19030843	0	25	25	0.0	found 22 autosomes	99.98	2020-10-02	2
ilLasFlex1_1	Laspeyria flexula	i	il	Lepidoptera	Erebinae	GRIT-274	Darwin	451917450	450881683	-0.22919384945192978	16004308	16004308	0	41	37	-9.75609756097561	found 30 autosomes	99.94	2020-10-02	15
ilEreEpip1_1	Erebia ligea	i	il	Lepidoptera	Erebiini	GRIT-275	Darwin	525274211	506619559	-3.5514121213919636	18360966	19149538	4.294828496496318	66	43	-34.84848484848485	found 28 autosomes	99.87	2020-10-02	57
ilCosTrap1_1	Cosmia trapezina	i	il	Lepidoptera	Ipimorphinae	GRIT-276	Darwin	831698180	825172178	-0.7846598870758621	26101677	28022459	7.3588451807138675	128	62	-51.5625	found 31 autosomes	99.87	2020-10-02	112
ilHypProb1_1	Hypena proboscidalis	i	il	Lepidoptera	Hypeninae	GRIT-277	Darwin	650913673	636770889	-2.172758783022215	19235748	21969129	14.20990231313074	77	55	-28.57142857142857	found 30 autosomes	98.32	2020-10-02	48
ilAglUrti1_1	Aglais urticae	i	il	Lepidoptera	UNKNOWN	GRIT-278	Darwin	392861010	392803606	-0.014611783439644468	13154831	13174286	0.14789243586633688	39	34	-12.82051282051282	found 30 autosomes and W and Z and MT (plus 2 unlocalised)	100	2020-10-06	13
ilCyaSemi1_1	Cyaniris semiargus	i	il	Lepidoptera	Polyommatinae	GRIT-279	Darwin	441503731	441504031	6.794959565132191e-05	19361588	19361588	0	28	25	-10.714285714285714	found 23 autosomes	99.99	2020-10-15	5
ilLimCami1_1	Limenitis camilla	i	il	Lepidoptera	Limenitidini	GRIT-280	Darwin	435139406	435097539	-0.009621514260190905	15214206	15214206	0	88	73	-17.045454545454543	found 29 autosomes and W and Z and MT (plus 40 unlocalised)	99.97	2020-10-15	23
ilEupSimi1_1	Euproctis similis	i	il	Lepidoptera	Lymantriinae	GRIT-282	Darwin	508132423	507633075	-0.0982712335205581	21401121	24449160	14.242426833622407	50	29	-42.0	found 21 autosomes	99.95	2020-10-28	43
ilManJurt1_1	Maniola jurtina	i	il	Lepidoptera	Maniolina	GRIT-283	Darwin	408865640	402038846	-1.6696912951648368	15090420	15090120	-0.001988016238116633	41	31	-24.390243902439025	found 28 autosomes and W and Z and MT (plus 1 unlocalised)	100	2020-10-28	26
ilAntCard3_1	Anthocharis cardamines	i	il	Lepidoptera	Pierinae	GRIT-284	Darwin	361530542	359601502	-0.5335759433569516	11841743	12507586	5.622846231336045	90	54	-40.0	found 29 autosomes and W and Z and MT (plus 10 unlocalised)	99.74	2020-10-28	52
idEriPert2_1	Eristalis pertinax	i	id	Diptera	Eristalini	GRIT-285	Darwin	482058323	482075123	0.0034850554794798143	27154744	77495269	185.38390566303994	379	256	-32.45382585751979	found 5 autosomes and X and Y and MT (plus 58 unlocalised)	95.23	2020-10-29	181
idXylSylv2_1	Xylota sylvarum	i	id	Diptera	Xylotini	GRIT-286	Darwin	539461201	534819879	-0.8603625230871794	29218644	124801819	327.1307696551558	157	119	-24.203821656050955	found 4 autosomes and X and MT (plus 5 unlocalised)	87.26	2020-11-03	43
ilEnnFusc2_1	Ennomos fuscantaria	i	il	Lepidoptera	UNKNOWN	GRIT-287	Darwin	444909210	444910036	0.0001856558554946525	15632053	15884173	1.6128399769371304	43	36	-16.27906976744186	found 30 autosomes	99.95	2020-11-03	12
idScaPyra1_1	Scaeva pyrastri	i	id	Diptera	Syrphini	GRIT-288	Darwin	322572946	320029822	-0.7883872567540119	24852084	86161057	246.6955004658764	95	4	-95.78947368421052	found 3 autosomes	100	2020-11-03	123
idTacFera2_1	Tachina fera	i	id	Diptera	Tachinini	GRIT-289	Darwin	766084784	751720058	-1.875083058691843	64394499	141997299	120.51153624162833	231	12	-94.8051948051948	found 5 autosomes	99.98	2020-11-03	306
ilNocFimb1_1	Noctua fimbriata	i	il	Lepidoptera	Noctuini	GRIT-290	Darwin	576098301	573940004	-0.3746404036001488	13387826	18977511	41.75199916700441	165	51	-69.0909090909091	found 30 autosomes and W and Z and MT (plus 19 unlocalised)	100	2020-11-03	231
ilLycPhla1_1	Lycaena phlaeas	i	il	Lepidoptera	Lycaeninae	GRIT-291	Darwin	420571233	420468287	-0.024477660838966606	19027537	18312151	-3.759740422525522	25	24	-4.0	found 23 autosomes	100	2020-11-03	5
ilMamBras1_1	Mamestra brassicae	i	il	Lepidoptera	Hadeninae	GRIT-292	Darwin	576211909	576168760	-0.007488390872532278	19384296	19384296	0	55	42	-23.636363636363637	found 30 autosomes and Z and MT (plus 6 unlocalised)	99.95	2020-11-03	18
ilHylFasc1_1	Hylaea fasciaria	i	il	Lepidoptera	Ennominae	GRIT-293	Darwin	327932053	327919484	-0.003832806181956236	11337067	11686647	3.083513575424755	40	33	-17.5	found 30 autosomes and Z and MT (plus 1 unlocalised)	99.98	2020-11-03	9
ilApoTurb1_1	Apotomis turbidana	i	il	Lepidoptera	Olethreutini	GRIT-294	Darwin	730304679	720450266	-1.3493564101894517	24833926	27109628	9.163681972798019	84	43	-48.80952380952381	found 27 autosomes and Z and MT (plus 11 unlocalised)	99.98	2020-11-03	97
ilFabAdip1_1	Fabriciana adippe	i	il	Lepidoptera	Argynnini	GRIT-295	Darwin	494216480	484811369	-1.903034678244643	16739368	16739368	0	104	94	-9.615384615384617	found 28 autosomes and Z and MT (plus 63 unlocalised)	99.98	2020-11-03	32
ilCraLigu1_1	Craniophora ligustri	i	il	Lepidoptera	Acronictinae	GRIT-296	Darwin	438641680	437978302	-0.15123460223843754	14829769	15030495	1.3535342323943145	74	32	-56.75675675675676	found 30 autosomes	100	2020-11-12	52
ilParAegt1_1	Pararge aegeria	i	il	Lepidoptera	Parargina	GRIT-298	Darwin	516569603	516571003	0.0002710186568991749	19375358	19375358	0	72	70	-2.7777777777777777	found 27 autosomes and W and Z and MT (plus 20 unlocalised)	99.68	2020-11-12	12
ilSchCost1_1	Schrankia costaestrigalis	i	il	Lepidoptera	Hypeninae	GRIT-299	Darwin	585624708	571975913	-2.330638515340784	21051202	20082482	-4.601732480644098	53	45	-15.09433962264151	found 30 autosomes	99.91	2020-11-13	135
ilVanCard2_1	Vanessa cardui	i	il	Lepidoptera	Nymphalinae	GRIT-300	Darwin	426852409	424798336	-0.4812138708112573	12005484	14615999	21.744354496661693	94	36	-61.702127659574465	found 30 autosomes and W and Z and MT (plus 4 unlocalised)	100	2020-11-13	86
iyVesVulg1_1	Vespula vulgaris	i	iy	Hymenoptera	Vespinae	GRIT-301	Darwin	188182882	188185082	0.0011690755166561854	8516319	8749684	2.7402097079735976	41	27	-34.146341463414636	found 25 chromosomes	99.46	2020-11-13	18
inChrCarn1_1	Chrysoperla carnea	i	in	Neuroptera	Chrysopinae	GRIT-302	Darwin	592302392	560232532	-5.414440399558609	94924493	94407144	-0.5450110752764306	345	337	-2.318840579710145	found 5 autosomes and X and MT (plus 189 unlocalised)	95.7	2020-11-13	26
ilTinTrin1_1	Tinea trinotella	i	il	Lepidoptera	Tineinae	GRIT-303	Darwin	372106852	371722122	-0.10339234494934804	13660558	13660558	0	33	31	-6.0606060606060606	found 29 autosomes	99.98	2020-11-18	8
icRhaFulv1_1	Rhagonycha fulva	i	ic	Coleoptera	Cantharinae	GRIT-304	Darwin	431321453	424661649	-1.5440465466483533	34189358	115753052	238.5645673721045	78	12	-84.61538461538461	found 6 autosomes and X and MT (plus 2 unlocalised)	99.97	2020-11-18	85
ilOchSylv3_1	Ochlodes sylvanus	i	il	Lepidoptera	Hesperiini	GRIT-305	Darwin	383760399	379669142	-1.0660967131212515	12488632	13557832	8.561386066944722	93	32	-65.59139784946237	found 28 autosomes	99.97	2020-11-18	113
ilAmpTrag2_1	Amphipyra tragopoginis	i	il	Lepidoptera	Amphipyrinae	GRIT-306	Darwin	816737596	805653278	-1.3571455574331122	27168702	28301216	4.1684508888205265	42	32	-23.809523809523807	found 30 autosomes	99.99	2020-11-18	27
ilPleArgu1_1	Plebejus argus	i	il	Lepidoptera	Polyommatinae	GRIT-307	Darwin	391128065	382092912	-2.310024211635133	14061405	16721534	18.91794596628146	116	38	-67.24137931034483	found 22 autosomes and Z and MT (plus 15 unlocalised)	100	2020-11-18	208
ilHedSali1_1	Hedya salicella	i	il	Lepidoptera	Olethreutini	GRIT-308	Darwin	742482122	742375031	-0.014423377590767094	27275373	27275373	0	54	49	-9.25925925925926	found 24 autosomes	99.87	2020-11-18	5
fAplTae2_1	Aplochiton taeniatus	f	f	Fish	Galaxiidae	GRIT-309	VGP orders	492938109	461946147	-6.287191319590184	21233672	20392628	-3.960897578148518	295	41	-86.10169491525423	found 20 chromosomes (plus 11 unlocalised)	99.77	2020-11-19	788
ilLysCori1_1	Lysandra coridon	i	il	Lepidoptera	Polyommatinae	GRIT-310	Darwin	545049098	540719330	-0.7943812797576633	3097485	5931830	91.50472076539515	262	99	-62.213740458015266	found 89 autosomes	99.92	2020-11-19	252
ilPieNapi4_1	Pieris napi	i	il	Lepidoptera	Pierinae	GRIT-311	Darwin	322289746	319989255	-0.7137959021507312	12513307	12982002	3.745572613218872	64	48	-25.0	found 24 autosomes and Z and MT (plus 2 unlocalised)	99.79	2020-11-19	40
ilNotUddm1_2	Notocelia uddmanniana	i	il	Lepidoptera	Eucosmini	GRIT-312	Darwin	811634648	794107225	-2.1595212874648	26467869	28990537	9.53105820495031	136	48	-64.70588235294117	found 27 autosomes and Z and MT (plus 12 unlocalised)	99.96	2020-11-20	237
ilColCroc2_1	Colias crocea	i	il	Lepidoptera	UNKNOWN	GRIT-313	Darwin	327468397	324897031	-0.7852256961455735	11204669	11204669	0	37	32	-13.513513513513514	found 30 autosomes	100	2020-11-20	6
ilNocPron1_1	Noctua pronuba	i	il	Lepidoptera	Noctuini	GRIT-314	Darwin	529282382	529179202	-0.01949431976369846	17615852	17891575	1.5651982089767786	66	49	-25.757575757575758	found 30 autosomes	99.89	2020-11-20	27
ilDeiPorc1_1	Deilephila porcellus	i	il	Lepidoptera	Macroglossini	GRIT-315	Darwin	402071426	402056583	-0.003691632640415487	15067504	15067504	0	33	30	-9.090909090909092	found 28 autosomes	99.99	2020-11-20	5
ilPieNapi1_1	Pieris napi	i	il	Lepidoptera	Pierinae	GRIT-316	Darwin	323131652	319186907	-1.2207857000650622	12815475	13068865	1.9772189481856897	58	42	-27.586206896551722	found 24 autosomes and W and Z and MT (plus 4 unlocalised)	99.88	2020-11-20	133
mCanLor1_1	Canis lupus	m	m	Mammal	Canidae	GRIT-317	Darwin	2451602895	2447447219	-0.16950852882721856	56745407	65778685	15.918958868336253	140	81	-42.142857142857146	found 38 autosomes and X and Y and MT (plus 6 unlocalised)	98.91	2020-11-25	144
iyVesGerm1_1	Vespula germanica	i	iy	Hymenoptera	Vespinae	GRIT-318	Darwin	205776721	205771445	-0.0025639440527385994	8646358	9441317	9.194148565210924	46	36	-21.73913043478261	found 25 chromosomes	98.55	2020-11-25	14
ilBolSele5_1	Boloria selene	i	il	Lepidoptera	Argynnini	GRIT-320	Darwin	399901084	399902484	0.0003500865729086146	13598665	13620786	0.1626703797762501	37	31	-16.216216216216218	found 29 autosomes	100	2021-01-07	8
ilBisBetu1_1	Biston betularia	i	il	Lepidoptera	Ennominae	GRIT-321	Darwin	404508352	404509252	0.00022249231580761034	14389613	14733994	2.3932610279373048	38	32	-15.789473684210526	found 30 autosomes	99.99	2021-01-07	8
ilAteCent1_1	Atethmia centrago	i	il	Lepidoptera	Xyleninae	GRIT-322	Darwin	926637017	926639817	0.0003021679415597964	31585119	31773998	0.5979999632105233	62	44	-29.03225806451613	found 30 autosomes	99.85	2021-01-07	30
ilAbrTrip1_1	Abrostola tripartita	i	il	Lepidoptera	Plusiinae	GRIT-323	Darwin	382721675	381042155	-0.4388358720472259	13645312	13645312	0	34	32	-5.88235294117647	found 30 autosomes	99.99	2021-01-07	33
fPhoGun1_1	Pholis gunnellus	f	f	Fish	Pholidae	GRIT-324	Darwin	593569383	588714445	-0.8179225780585788	23269400	25364761	9.004791700688457	188	101	-46.27659574468085	found 24 chromosomes and MT (plus 64 unlocalised)	99.95	2021-01-07	336
ilIdaAver1_1	Idaea aversata	i	il	Lepidoptera	Sterrhinae	GRIT-325	Darwin	444261273	436713420	-1.698967130092386	15366153	15151489	-1.3969924677959409	33	30	-9.090909090909092	found 29 autosomes	100	2021-01-07	5
ilOchPlec1_1	Ochropleura plecta	i	il	Lepidoptera	Noctuini	GRIT-326	Darwin	650308303	643947103	-0.9781821899942742	19409002	21894754	12.807211828820462	78	34	-56.41025641025641	found 30 autosomes	99.98	2021-01-07	172
ilLaoPopu1_1	Laothoe populi	i	il	Lepidoptera	Smerinthini	GRIT-328	Darwin	583329389	576387381	-1.190066561175782	18849803	21125926	12.075049272398232	83	32	-61.44578313253012	found 27 autosomes	99.98	2021-01-07	123
ilLysBell1_1	Lysandra bellargus	i	il	Lepidoptera	Polyommatinae	GRIT-329	Darwin	531716689	528918181	-0.5263156221902977	6493856	11205580	72.5566443111766	264	139	-47.34848484848485	found 44 autosomes and W and Z and MT (plus 83 unlocalised)	99.93	2021-01-07	220
bTaeGut1_5	Taeniopygia guttata	b	b	Bird	Estrildinae	GRIT-330	VGP orders	1036340807	1035408015	-0.09000822834529182	38253329	71569005	87.09222666607657	272	197	-27.573529411764707	found 39 autosomes	99.39	2021-01-07	97
fCheRos1_1	Chelmon rostratus	f	f	Fish	Chaetodontidae	GRIT-331	VGP orders	644546384	644191893	-0.05499852435755811	30506825	27778429	-8.943559351063247	36	28	-22.22222222222222	found 24 chromosomes	99.97	2021-01-07	61
bCucCan1_1	Cuculus canorus	b	b	Bird	Cuculidae	GRIT-332	VGP orders	1187899036	1180136575	-0.653461343494179	48371324	78325852	61.92621066150681	209	150	-28.22966507177033	found 39 autosomes and W and Z (plus 1 unlocalised)	99.19	2021-01-07	168
ilPheTrem1_1	Pheosia tremula	i	il	Lepidoptera	Notodontinae	GRIT-333	Darwin	290291479	290204870	-0.02983518506927997	10267875	10632747	3.553529819948139	72	37	-48.61111111111111	found 30 autosomes	99.94	2021-01-08	79
ilAutPulc1_1	Autographa pulchrina	i	il	Lepidoptera	Plusiinae	GRIT-334	Darwin	431671037	426225690	-1.2614575760847258	12837779	13453062	4.792752702784493	204	135	-33.82352941176471	found 30 autosomes and W and Z and MT (plus 13 unlocalised)	99.03	2021-01-08	114
ilMelAtha1_1	Melitaea athalia	i	il	Lepidoptera	UNKNOWN	GRIT-335	Darwin	621593419	609549632	-1.9375666845662018	18932392	20295254	7.198572689599919	82	45	-45.1219512195122	found 30 autosomes and W and Z and MT (plus 11 unlocalised)	99.98	2021-01-08	101
ilMimTili1_1	Mimas tiliae	i	il	Lepidoptera	Smerinthini	GRIT-336	Darwin	478206739	477965817	-0.05038030214793773	17899878	17899878	0	37	29	-21.62162162162162	found 28 autosomes	100	2021-01-08	12
ilNymPoly1_1	Nymphalis polychloros	i	il	Lepidoptera	Nymphalis	GRIT-337	Darwin	398097121	398097521	0.00010047799366024554	13933406	13933406	0	39	37	-5.128205128205128	found 30 autosomes and W and Z and MT (plus 5 unlocalised)	100	2021-01-08	2
ilSpiLubr1_1	Spilosoma lubricipeda	i	il	Lepidoptera	Arctiinae	GRIT-338	Darwin	587874173	587346829	-0.08970354953831251	21028324	21028324	0	51	36	-29.411764705882355	found 29 autosomes and Z and MT (plus 1 unlocalised)	99.98	2021-01-08	24
ilMelCinx1_1	Melitaea cinxia	i	il	Lepidoptera	Nymphalinae	GRIT-339	Darwin	504265899	499397863	-0.9653708509049905	15579111	17325599	11.210447117297	72	31	-56.94444444444444	found 30 autosomes	100	2021-01-08	79
ilLepSina1_1	Leptidea sinapis	i	il	Lepidoptera	Dismorphiinae	GRIT-340	Darwin	694644711	685583065	-1.3045008270422143	14447461	14447461	0	60	49	-18.333333333333332	found 47 autosomes	99.99	2021-01-08	32
ilBlaAdus2_1	Blastobasis adustella	i	il	Lepidoptera	Blastobasidae	GRIT-341	Darwin	557642797	557424730	-0.039105140633601695	18287509	19379192	5.969555503704742	45	39	-13.333333333333334	found 29 autosomes and Z and MT (plus 4 unlocalised)	98.67	2021-01-08	12
bCapEur3_1	Caprimulgus europaeus	b	b	Bird	Caprimulginae	GRIT-342	Darwin	1179601445	1177791212	-0.15346140916265155	65327012	82614289	26.462678256277815	155	121	-21.935483870967744	found 35 autosomes	99.33	2021-01-11	175
fToxJac1_1	Toxotes jaculatrix	f	f	Fish	Toxotidae	GRIT-343	VGP orders	633636591	621503431	-1.914845223955824	25460055	26859436	5.496378542780053	140	96	-31.428571428571427	found 24 chromosomes	99.31	2021-01-11	73
fMelBoe1_1	Melanotaenia boesemani	f	f	Fish	Melanotaeniidae	GRIT-344	VGP orders	879519141	865575964	-1.5853181983221898	32444844	37878235	16.74654684732033	222	92	-58.55855855855856	found 24 chromosomes (plus 9 unlocalised)	99.67	2021-01-14	417
icAdaBipu1_1	Adalia bipunctata	i	ic	Coleoptera	Coccinellini	GRIT-345	Darwin	487209804	475267023	-2.45126040197664	22271985	45869983	105.95372617213958	179	118	-34.07821229050279	found 9 autosomes and X and Y and MT (plus 4 unlocalised)	94.87	2021-01-15	89
icMalBipu1_1	Malachius bipustulatus	i	ic	Coleoptera	Malachiinae	GRIT-346	Darwin	553187408	544240569	-1.6173251362221899	38606032	56302816	45.83942737238574	151	51	-66.22516556291392	found 9 autosomes and X and MT (plus 11 unlocalised)	99.7	2021-01-15	313
ilHecDyso1_1	Hecatera dysodea	i	il	Lepidoptera	Hadeninae	GRIT-347	Darwin	644452227	640896252	-0.5517825606024324	20945961	21896367	4.53741893246149	76	40	-47.368421052631575	found 30 autosomes and W and Z and MT (plus 1 unlocalised)	99.94	2021-01-15	76
ilHesComm1_1	Hesperia comma	i	il	Lepidoptera	Hesperiini	GRIT-348	Darwin	529905226	525335281	-0.8624079884050814	17336422	18810678	8.503807763793475	81	39	-51.85185185185185	found 27 autosomes	99.96	2021-01-15	135
ilGlaAlex1_1	Glaucopsyche alexis	i	il	Lepidoptera	Polyommatinae	GRIT-349	Darwin	624239849	619528502	-0.7547334582288098	24555879	26518193	7.991218722001358	129	57	-55.81395348837209	found 22 autosomes	99.87	2021-01-15	141
iyBomPasc1_1	Bombus pascuorum	i	iy	Hymenoptera	Bombus	GRIT-350	Darwin	310597045	307548333	-0.9815650371045868	12059727	17556731	45.58149616488002	103	81	-21.35922330097087	found 17 chromosomes	87.82	2021-01-15	39
iyBomHort1_1	Bombus hortorum	i	iy	Hymenoptera	Bombus	GRIT-351	Darwin	296294595	296297395	0.000945005426103031	12249218	17016242	38.916965964684444	61	42	-31.147540983606557	found 18 chromosomes	88.87	2021-01-15	23
iyBomCamp1_1	Bombus campestris	i	iy	Hymenoptera	Bombus	GRIT-352	Darwin	270795228	270743918	-0.018947896674161482	6912231	12249729	77.21816588594912	74	35	-52.702702702702695	found 25 chromosomes and MT (plus 6 unlocalised)	99.93	2021-01-15	48
eaMarGlac1_1	Marthasterias glacialis	e	ea	Asteroidea	Asteriidae	GRIT-353	Darwin	535642579	520943681	-2.7441616063162146	18352619	25218880	37.412976316895154	274	106	-61.31386861313869	found 22 chromosomes and MT (plus 10 unlocalised)	99.44	2021-01-20	405
ilPheGnom1_1	Pheosia gnoma	i	il	Lepidoptera	Notodontinae	GRIT-354	Darwin	271400321	271333527	-0.024610877302536423	9028361	9829711	8.875918896021105	80	38	-52.5	found 30 autosomes	99.93	2021-01-20	66
ilCloCurt1_1	Clostera curtula	i	il	Lepidoptera	Pygaerinae	GRIT-355	Darwin	515464606	512665902	-0.5429478508171325	14617811	18278162	25.04034974867304	92	30	-67.3913043478261	found 28 autosomes	100	2021-01-20	118
mDroGli1_1	Dromiciops gliroides	m	m	Mammal	Microbiotheriidae	GRIT-356	VGP orders	3308758327	3303199800	-0.16799434865464563	473439405	670775900	41.681468191267264	54	17	-68.51851851851852	found 6 autosomes and X (plus 8 unlocalised)	99.99	2021-01-20	186
iVesVel2_2	Vespa velutina	i	i	Insects	Vespinae	GRIT-358	25 Genomes	193975250	193977145	0.0009769287576636711	5120375	9190824	79.49513463369382	163	42	-74.23312883435584	found 25 chromosomes	98.36	2021-01-20	273
idBibMarc1_1	Bibio marci	i	id	Diptera	Bibionidae	GRIT-359	Darwin	340008263	340009463	0.00035293259917039134	54570542	54570542	0	14	6	-57.14285714285714	found 5 autosomes	100	2021-02-01	14
tnLinLong1_1	Lineus longissimus	t	tn	Nemertea	Lineidae	GRIT-361	Darwin	392972664	391171072	-0.458452244912384	13632599	20961375	53.759198814547396	84	31	-63.095238095238095	found 19 chromosomes and MT (plus 1 unlocalised)	99.81	2021-02-01	72
fThuMac1_1	Thunnus maccoyii	f	f	Fish	Scombridae	GRIT-363	VGP orders	799222574	782407452	-2.1039348170363366	30427061	33761101	10.957482880124374	90	57	-36.666666666666664	found 24 chromosomes	99.39	2021-02-01	40
icPyrSerr1_1	Pyrochroa serraticornis	i	ic	Coleoptera	Pyrochroidae	GRIT-364	Darwin	249782661	249396633	-0.1545455551056044	22480604	37181734	65.39472871814299	58	39	-32.758620689655174	found 8 autosomes	97.92	2021-02-08	46
icCocSept1_1	Coccinella septempunctata	i	ic	Coleoptera	Coccinellini	GRIT-365	Darwin	409478684	398849173	-2.5958643063334645	27678364	41442133	49.727538087149945	81	24	-70.37037037037037	found 9 autosomes and X and MT (plus 13 unlocalised)	99.96	2021-02-08	88
iyAndHaem1_1	Andrena haemorrhoa	i	iy	Hymenoptera	Andrena	GRIT-368	Darwin	331458084	330670691	-0.23755432074482152	18426945	41012438	122.56775607676693	422	402	-4.739336492890995	found 7 chromosomes	88.08	2021-02-23	28
fTauBub2_1	Taurulus bubalis	f	f	Fish	Cottidae	GRIT-370	Darwin	616868596	615137073	-0.2806955989051516	22123154	29138660	31.711147515403997	187	26	-86.09625668449198	found 21 chromosomes and MT (plus 5 unlocalised)	100	2021-02-23	167
iyNomFabr1_1	Nomada fabriciana	i	iy	Hymenoptera	Nomadini	GRIT-371	Darwin	233584471	233584371	-4.281106512427361e-05	15214059	18567632	22.042592315436664	200	193	-3.5000000000000004	found 12 chromosomes and MT (plus 83 unlocalised)	95.24	2021-02-23	11
fAloSap1_1	Alosa sapidissima	f	f	Fish	Clupeidae	GRIT-373	VGP orders	950236359	903564947	-4.911558220011238	36480341	38440066	5.372002964555622	528	73	-86.17424242424242	found 24 chromosomes (plus 4 unlocalised)	99.42	2021-03-08	1265
bAcrSci1_1	Acrocephalus scirpaceus	b	b	Bird	Acrocephalinae	GRIT-375	Darwin	1080797183	1075083815	-0.5286253600459282	61936545	74438198	20.184614753696707	361	200	-44.59833795013851	found 29 autosomes and W and Z (plus 36 unlocalised)	98.63	2021-03-09	521
iyBomSyle1_1	Bombus sylvestris	i	iy	Hymenoptera	Bombus	GRIT-376	Darwin	297484800	297490700	0.00198329460866572	6879768	12445291	80.8969575718251	148	112	-24.324324324324326	found 24 chromosomes (plus 86 unlocalised)	98.82	2021-03-09	48
mJacJac1_1	Jaculus jaculus	m	m	Mammal	Dipodinae	GRIT-381	VGP orders	2864655229	2863848715	-0.028153963933786882	117237060	158244790	34.97847011857855	232	159	-31.46551724137931	found 23 autosomes and X and Y (plus 6 unlocalised)	98.73	2021-03-17	274
sHemOce1_1	Hemiscyllium ocellatum	s	s	Shark	Hemiscylliidae	GRIT-382	VGP orders	4171631382	3983466396	-4.510585158887848	55856321	83580160	49.634201651053964	4299	1962	-54.36147941381717	found 52 autosomes and X and Y (plus 161 unlocalised)	92.21	2021-03-22	3222
iyVesCrab1_1	Vespa Crabro	i	iy	Hymenoptera	Vespinae	GRIT-384	Darwin	229567488	229579188	0.005096540499672148	4578091	9767562	113.35447460524486	180	105	-41.66666666666667	found 25 chromosomes	94.93	2021-03-22	96
idXanPedi1_1	Xanthogramma pedissequum	i	id	Diptera	Syrphini	GRIT-386	Darwin	982954757	977153996	-0.5901350961161278	93199131	248688513	166.835656439758	636	484	-23.89937106918239	found 4 autosomes and X and Y and MT (plus 11 unlocalised)	95.94	2021-03-22	515
ilHabPyri1_1	Habrosyne pyritoides	i	il	Lepidoptera	Thyatirinae	GRIT-388	Darwin	400816485	400553399	-0.06563751987396427	14121114	14121114	0	38	31	-18.421052631578945	found 30 autosomes	100	2021-04-12	7
ilZygFili1_1	Zygaena filipendulae	i	il	Lepidoptera	Zygaeninae	GRIT-390	Darwin	365946833	365947433	0.0001639582436282486	12640274	12640274	0	60	57	-5.0	found 29 autosomes and W and Z and MT (plus 23 unlocalised)	99.98	2021-04-12	3
ilZeuPyri1_1	Zeuzera pyrina	i	il	Lepidoptera	Zeuzerinae	GRIT-394	Darwin	687151393	686887975	-0.03833478367117274	24575201	24575201	0	42	36	-14.285714285714285	found 30 autosomes and Z and MT (plus 5 unlocalised)	100	2021-04-12	6
idVolInan1_1	Volucella inanis	i	id	Diptera	Volucellini	GRIT-396	Darwin	962043114	961446857	-0.061978199451048724	99707230	163465417	63.94539994742608	182	52	-71.42857142857143	found 5 autosomes and X and MT (plus 20 unlocalised)	99.92	2021-04-12	216
ilEnnQuei1_1	Ennomos quercinarius	i	il	Lepidoptera	Ennominae	GRIT-398	Darwin	497879189	491868579	-1.207242667055923	17413369	17369662	-0.25099680595983465	44	36	-18.181818181818183	found 30 autosomes	99.96	2021-04-12	42
bTheCae1_1	Theristicus caerulescens	b	b	Bird	Threskiornithidae	GRIT-399	VGP orders	1204121063	1203353649	-0.06373229599422761	101457509	101368359	-0.08786929708672425	112	87	-22.321428571428573	found 25 autosomes	99.36	2021-04-12	45
bTroSur1_0	Trogon surrucura	b	b	Bird	Trogonidae	GRIT-400	VGP orders	1169022054	1165727389	-0.2818308678375027	60565580	82617956	36.41074022571896	218	181	-16.972477064220186	found 40 autosomes and W and Z (plus 29 unlocalised)	99.57	2021-04-12	81
iyBomHypn1_1	Bombus hypnorum	i	iy	Hymenoptera	Bombus	GRIT-401	Darwin	283940226	283943226	0.0010565604043718695	12287591	24264022	97.46768915078636	53	19	-64.15094339622641	found 12 chromosomes and MT (plus 1 unlocalised)	94.95	2021-04-19	29
ilCroElin1_1	Crocallis elinguaria	i	il	Lepidoptera	Ennominae	GRIT-403	Darwin	430380504	430382504	0.00046470506480005426	28485152	28485152	0	34	24	-29.411764705882355	found 15 autosomes and W and Z and MT (plus 6 unlocalised)	99.99	2021-04-19	10
ilNocJant1_1	Noctua janthe	i	il	Lepidoptera	Noctuini	GRIT-405	Darwin	533529673	532770789	-0.14223838680477663	18438343	18438343	0	39	32	-17.94871794871795	found 30 autosomes	99.99	2021-04-19	11
ilChrCulm1_1	Chrysoteuchia culmella	i	il	Lepidoptera	Crambinae	GRIT-407	Darwin	649369158	645211292	-0.6402931135204916	21774537	22805156	4.733138527813473	69	57	-17.391304347826086	found 30 autosomes	99.81	2021-04-26	20
iyNysSpin1_1	Nysson spinosus	i	iy	Hymenoptera	Nyssonini	GRIT-408	Darwin	314818048	314615744	-0.06426061062420411	8108250	9740424	20.129793728609748	174	158	-9.195402298850574	found 26 chromosomes	73.48	2021-04-26	31
ilBemIchn1_1	Bembecia ichneumoniformis	i	il	Lepidoptera	Synanthedonini	GRIT-410	Darwin	511789238	511395034	-0.0770246755364559	17686735	18823830	6.429083717260421	58	38	-34.48275862068966	found 30 autosomes	99.96	2021-04-28	34
ilAcrAcer1_1	Acronicta aceris	i	il	Lepidoptera	Acronictinae	GRIT-411	Darwin	466367803	466369003	0.0002573076426547396	15394549	16061144	4.330071637694615	40	32	-20.0	found 30 autosomes	100	2021-05-04	14
ilParStra1_1	Parapoynx stratiotata	i	il	Lepidoptera	Nymphulinae	GRIT-412	Darwin	483153292	478233360	-1.018296280179335	16488179	17072597	3.54446661453639	42	32	-23.809523809523807	found 29 autosomes	99.98	2021-05-05	30
ilAmpBerb1_1	Amphipyra berbera	i	il	Lepidoptera	Amphipyrinae	GRIT-414	Darwin	582378067	582314631	-0.01089258054081216	20126316	20126316	0	39	33	-15.384615384615385	found 30 autosomes	99.97	2021-05-07	8
ilCydSple1_1	Cydia splendana	i	il	Lepidoptera	Grapholitini	GRIT-415	Darwin	630745955	630601649	-0.02287862472300754	19216173	22055301	14.774679640946198	171	111	-35.08771929824561	found 27 autosomes	94.81	2021-05-07	107
ilTinSemi1_1	Tinea semifulvella	i	il	Lepidoptera	Tineinae	GRIT-416	Darwin	596611096	596584503	-0.004457342509767871	12034248	12715305	5.659323291326554	65	45	-30.76923076923077	found 44 autosomes	100	2021-05-11	22
ilCarQuer1_1	Carcina quercana	i	il	Lepidoptera	Peleopodidae	GRIT-417	Darwin	409826412	409502379	-0.07906591437547465	14266883	15733321	10.278615167727947	46	31	-32.608695652173914	found 29 autosomes	99.96	2021-05-11	15
ilMytFerr1_1	Mythimna ferrago	i	il	Lepidoptera	Hadeninae	GRIT-418	Darwin	869667077	861026674	-0.9935299643405955	27339883	27874102	1.9539915368328387	56	46	-17.857142857142858	found 30 autosomes and W and Z and MT (plus 9 unlocalised)	99.98	2021-05-11	16
iyCerRyby1_1	Cerceris rybyensis	i	iy	Hymenoptera	Cercerini	GRIT-420	Darwin	418094024	418076835	-0.004111276175523619	26175038	26175038	0	681	671	-1.4684287812041115	found 14 chromosomes	89.81	2021-05-11	14
iyEctLitu1_1	Ectemnius lituratus	i	iy	Hymenoptera	Crabronina	GRIT-421	Darwin	235245977	235157002	-0.03782211331928537	6938283	16908772	143.70254139244537	209	117	-44.01913875598086	found 13 chromosomes and MT (plus 91 unlocalised)	93.15	2021-05-11	197
iyEctCont1_1	Ectemnius continuus	i	iy	Hymenoptera	Crabronina	GRIT-427	Darwin	267427285	260337310	-2.651178618516805	12485315	15408693	23.41453139147871	386	347	-10.103626943005182	found 14 chromosomes and MT (plus 12 unlocalised)	92.21	2021-05-19	52
ilYpsScab1_1	Ypsolopha scabrella	i	il	Lepidoptera	Ypsolophidae	GRIT-428	Darwin	853574653	853578453	0.00044518660279383907	29455267	29858840	1.3701216831611134	65	40	-38.46153846153847	found 30 autosomes and Z and MT (plus 1 unlocalised)	99.97	2021-05-19	35
iyBomTerr1_1	Bombus terrestris	i	iy	Hymenoptera	Bombus	GRIT-429	Darwin	401214975	393078396	-2.0279848726982337	12897853	14593050	13.143249500517646	268	255	-4.850746268656716	found 18 chromosomes	73.97	2021-05-25	35
